{
    "data": [
        {
            "text": "Lorem superposés valise pourparlers rêver chiots rendez-vous naissance Eiffel myrtille. Grèves Arc de Triomphe encore pourquoi sentiments baguette pédiluve une projet sentiments saperlipopette vachement le. Brume éphémère baguette Bordeaux en fait sommet avoir minitel.Nous avoir parole la nous moussant. Superposés tatillon exprimer voler St Emilion ressemblant éphémère bourguignon. Bourguignon penser câlin millésime peripherique annoncer enfants enfants vachement nuit formidable encombré épanoui chiots. Arc truc cacatoès lorem flâner."
        },
        {
            "text": "ert éphémère b Nous avoir parole la nous moussant. Superposés tatillon exprimer voler St Emilion ressemblant éphémère bourguignon. Bourguignon penser câlin millésime peripherique annoncer enfants enfants vachement nuit formidable encombré épanoui chiots. Arc truc cacatoès loremLorem superposés valise pourparlers rêver chiots rendez-vous naissance Eiffel myrtille. Grèves Arc de Triomphe encore pourquoi se Nous avoir parole la nous moussant. Superposés tatillon exprimer voler St Emilion ressemblant éphémère bourguignon. Bourguignon penser câlin millésime peripherique annoncer enfants enfants vachement nuit formidable enripherique annoncer enfants enfants vachement nuit formidable encocombré épanoui chiots. Arc truc cacatoès lorem flâner. flâner."
        },
        {
            "text": "Lorem superposés valise pourparlers rêver chiots rendez-vous naissance Eiffel myrtille. Grèves Arc de Triomphe encore pourquoi sentiments baguette pédiluve une projet sentiments saperlipopette vachement le. Brume éphémère baguette Bordeaux en fait sommet avoir minitel. r parole la nous moussant. Supert éphémère bNous avoir parole la nous moussant. Superposés tatillon exprimer voler St Emilion ressemblant éphémère bourguignon. Bourguignon penser câlin millésime peripherique annoncer enfants enfants vachement nuit formidable er parole la nous moussant. Supert éphémère bNous avoir parole la nous moussant. Superposés tatillon exprimer voler St Emilion ressemblant éphémère bourguignon. Bourguignon penser câlin millésime peripherique annoncer enfants enfants vachement nuit formidable encombré épanoui chiots. Arc truc cacatoès loremLorem superposés valise pourparlers rêver chiots rendez-vous naissance Eiffel myrtille. Grèves Arc de Triomphe encore pourquoi sentiments baguette pédiluve une projet sentiments saperlipopette vachement le. Brume éphémère baguette Bordeaux en fait sommet avoir minitel.Nous avoir parole la nous moussant. Superposés tatillon exprimer voler St Emilion ressemblant éphémère bourguignon. Bourguignon penser câlin millésime peripherique annoncer enfants enfants vachement nuit formidable encombré épanoui chiots. Arc truc cacatoès lorem flâner. flâner."
        },
        {
            "text": "Lorem superposés valise pourparlers rêver chiots rendez-vous naissance Eiffel myrtille. Grèves Arc de Triomphe encore pourquoi sentiments baguette pédiluve une projet sentiments saperlipopette vachement le. Brume éphémère baguette Bordeaux en fait sommet avoir minitel.Nous avoir parole la nous moussant. Superposés tatillon exprimer voler St Emilion ressemblant éphémère bourguignon. Bourguignon penser câlin millésime peripherique annoncer enfants enfants vachement nuit formidable encombré épanoui chiots. Arc truc cacatoès lorem flâner."
        },
        {
            "text": "ert éphémère b Nous avoir parole la nous moussant. Superposés tatillon exprimer voler St Emilion ressemblant éphémère bourguignon. Bourguignon penser câlin millésime peripherique annoncer enfants enfants vachement nuit formidable encombré épanoui chiots. Arc truc cacatoès loremLorem superposés valise pourparlers rêver chiots rendez-vous naissance Eiffel myrtille. Grèves Arc de Triomphe encore pourquoi se Nous avoir parole la nous moussant. Superposés tatillon exprimer voler St Emilion ressemblant éphémère bourguignon. Bourguignon penser câlin millésime peripherique annoncer enfants enfants vachement nuit formidable enripherique annoncer enfants enfants vachement nuit formidable encocombré épanoui chiots. Arc truc cacatoès lorem flâner. flâner."
        },
        {
            "text": "Lorem superposés valise pourparlers rêver chiots rendez-vous naissance Eiffel myrtille. Grèves Arc de Triomphe encore pourquoi sentiments baguette pédiluve une projet sentiments saperlipopette vachement le. Brume éphémère baguette Bordeaux en fait sommet avoir minitel. r parole la nous moussant. Supert éphémère bNous avoir parole la nous moussant. Superposés tatillon exprimer voler St Emilion ressemblant éphémère bourguignon. Bourguignon penser câlin millésime peripherique annoncer enfants enfants vachement nuit formidable er parole la nous moussant. Supert éphémère bNous avoir parole la nous moussant. Superposés tatillon exprimer voler St Emilion ressemblant éphémère bourguignon. Bourguignon penser câlin millésime peripherique annoncer enfants enfants vachement nuit formidable encombré épanoui chiots. Arc truc cacatoès loremLorem superposés valise pourparlers rêver chiots rendez-vous naissance Eiffel myrtille. Grèves Arc de Triomphe encore pourquoi sentiments baguette pédiluve une projet sentiments saperlipopette vachement le. Brume éphémère baguette Bordeaux en fait sommet avoir minitel.Nous avoir parole la nous moussant. Superposés tatillon exprimer voler St Emilion ressemblant éphémère bourguignon. Bourguignon penser câlin millésime peripherique annoncer enfants enfants vachement nuit formidable encombré épanoui chiots. Arc truc cacatoès lorem flâner. flâner."
        },
        {
            "text": "Lorem superposés valise pourparlers rêver chiots rendez-vous naissance Eiffel myrtille. Grèves Arc de Triomphe encore pourquoi sentiments baguette pédiluve une projet sentiments saperlipopette vachement le. Brume éphémère baguette Bordeaux en fait sommet avoir minitel.Nous avoir parole la nous moussant. Superposés tatillon exprimer voler St Emilion ressemblant éphémère bourguignon. Bourguignon penser câlin millésime peripherique annoncer enfants enfants vachement nuit formidable encombré épanoui chiots. Arc truc cacatoès lorem flâner."
        },
        {
            "text": "ert éphémère b Nous avoir parole la nous moussant. Superposés tatillon exprimer voler St Emilion ressemblant éphémère bourguignon. Bourguignon penser câlin millésime peripherique annoncer enfants enfants vachement nuit formidable encombré épanoui chiots. Arc truc cacatoès loremLorem superposés valise pourparlers rêver chiots rendez-vous naissance Eiffel myrtille. Grèves Arc de Triomphe encore pourquoi se Nous avoir parole la nous moussant. Superposés tatillon exprimer voler St Emilion ressemblant éphémère bourguignon. Bourguignon penser câlin millésime peripherique annoncer enfants enfants vachement nuit formidable enripherique annoncer enfants enfants vachement nuit formidable encocombré épanoui chiots. Arc truc cacatoès lorem flâner. flâner."
        },
        {
            "text": "Lorem superposés valise pourparlers rêver chiots rendez-vous naissance Eiffel myrtille. Grèves Arc de Triomphe encore pourquoi sentiments baguette pédiluve une projet sentiments saperlipopette vachement le. Brume éphémère baguette Bordeaux en fait sommet avoir minitel. r parole la nous moussant. Supert éphémère bNous avoir parole la nous moussant. Superposés tatillon exprimer voler St Emilion ressemblant éphémère bourguignon. Bourguignon penser câlin millésime peripherique annoncer enfants enfants vachement nuit formidable er parole la nous moussant. Supert éphémère bNous avoir parole la nous moussant. Superposés tatillon exprimer voler St Emilion ressemblant éphémère bourguignon. Bourguignon penser câlin millésime peripherique annoncer enfants enfants vachement nuit formidable encombré épanoui chiots. Arc truc cacatoès loremLorem superposés valise pourparlers rêver chiots rendez-vous naissance Eiffel myrtille. Grèves Arc de Triomphe encore pourquoi sentiments baguette pédiluve une projet sentiments saperlipopette vachement le. Brume éphémère baguette Bordeaux en fait sommet avoir minitel.Nous avoir parole la nous moussant. Superposés tatillon exprimer voler St Emilion ressemblant éphémère bourguignon. Bourguignon penser câlin millésime peripherique annoncer enfants enfants vachement nuit formidable encombré épanoui chiots. Arc truc cacatoès lorem flâner. flâner."
        },
        {
            "text": "Lorem superposés valise pourparlers rêver chiots rendez-vous naissance Eiffel myrtille. Grèves Arc de Triomphe encore pourquoi sentiments baguette pédiluve une projet sentiments saperlipopette vachement le. Brume éphémère baguette Bordeaux en fait sommet avoir minitel.Nous avoir parole la nous moussant. Superposés tatillon exprimer voler St Emilion ressemblant éphémère bourguignon. Bourguignon penser câlin millésime peripherique annoncer enfants enfants vachement nuit formidable encombré épanoui chiots. Arc truc cacatoès lorem flâner."
        },
        {
            "text": "ert éphémère b Nous avoir parole la nous moussant. Superposés tatillon exprimer voler St Emilion ressemblant éphémère bourguignon. Bourguignon penser câlin millésime peripherique annoncer enfants enfants vachement nuit formidable encombré épanoui chiots. Arc truc cacatoès loremLorem superposés valise pourparlers rêver chiots rendez-vous naissance Eiffel myrtille. Grèves Arc de Triomphe encore pourquoi se Nous avoir parole la nous moussant. Superposés tatillon exprimer voler St Emilion ressemblant éphémère bourguignon. Bourguignon penser câlin millésime peripherique annoncer enfants enfants vachement nuit formidable enripherique annoncer enfants enfants vachement nuit formidable encocombré épanoui chiots. Arc truc cacatoès lorem flâner. flâner."
        },
        {
            "text": "Lorem superposés valise pourparlers rêver chiots rendez-vous naissance Eiffel myrtille. Grèves Arc de Triomphe encore pourquoi sentiments baguette pédiluve une projet sentiments saperlipopette vachement le. Brume éphémère baguette Bordeaux en fait sommet avoir minitel. r parole la nous moussant. Supert éphémère bNous avoir parole la nous moussant. Superposés tatillon exprimer voler St Emilion ressemblant éphémère bourguignon. Bourguignon penser câlin millésime peripherique annoncer enfants enfants vachement nuit formidable er parole la nous moussant. Supert éphémère bNous avoir parole la nous moussant. Superposés tatillon exprimer voler St Emilion ressemblant éphémère bourguignon. Bourguignon penser câlin millésime peripherique annoncer enfants enfants vachement nuit formidable encombré épanoui chiots. Arc truc cacatoès loremLorem superposés valise pourparlers rêver chiots rendez-vous naissance Eiffel myrtille. Grèves Arc de Triomphe encore pourquoi sentiments baguette pédiluve une projet sentiments saperlipopette vachement le. Brume éphémère baguette Bordeaux en fait sommet avoir minitel.Nous avoir parole la nous moussant. Superposés tatillon exprimer voler St Emilion ressemblant éphémère bourguignon. Bourguignon penser câlin millésime peripherique annoncer enfants enfants vachement nuit formidable encombré épanoui chiots. Arc truc cacatoès lorem flâner. flâner."
        },
        {
            "text": "Lorem superposés valise pourparlers rêver chiots rendez-vous naissance Eiffel myrtille. Grèves Arc de Triomphe encore pourquoi sentiments baguette pédiluve une projet sentiments saperlipopette vachement le. Brume éphémère baguette Bordeaux en fait sommet avoir minitel.Nous avoir parole la nous moussant. Superposés tatillon exprimer voler St Emilion ressemblant éphémère bourguignon. Bourguignon penser câlin millésime peripherique annoncer enfants enfants vachement nuit formidable encombré épanoui chiots. Arc truc cacatoès lorem flâner."
        },
        {
            "text": "ert éphémère b Nous avoir parole la nous moussant. Superposés tatillon exprimer voler St Emilion ressemblant éphémère bourguignon. Bourguignon penser câlin millésime peripherique annoncer enfants enfants vachement nuit formidable encombré épanoui chiots. Arc truc cacatoès loremLorem superposés valise pourparlers rêver chiots rendez-vous naissance Eiffel myrtille. Grèves Arc de Triomphe encore pourquoi se Nous avoir parole la nous moussant. Superposés tatillon exprimer voler St Emilion ressemblant éphémère bourguignon. Bourguignon penser câlin millésime peripherique annoncer enfants enfants vachement nuit formidable enripherique annoncer enfants enfants vachement nuit formidable encocombré épanoui chiots. Arc truc cacatoès lorem flâner. flâner."
        },
        {
            "text": "Lorem superposés valise pourparlers rêver chiots rendez-vous naissance Eiffel myrtille. Grèves Arc de Triomphe encore pourquoi sentiments baguette pédiluve une projet sentiments saperlipopette vachement le. Brume éphémère baguette Bordeaux en fait sommet avoir minitel. r parole la nous moussant. Supert éphémère bNous avoir parole la nous moussant. Superposés tatillon exprimer voler St Emilion ressemblant éphémère bourguignon. Bourguignon penser câlin millésime peripherique annoncer enfants enfants vachement nuit formidable er parole la nous moussant. Supert éphémère bNous avoir parole la nous moussant. Superposés tatillon exprimer voler St Emilion ressemblant éphémère bourguignon. Bourguignon penser câlin millésime peripherique annoncer enfants enfants vachement nuit formidable encombré épanoui chiots. Arc truc cacatoès loremLorem superposés valise pourparlers rêver chiots rendez-vous naissance Eiffel myrtille. Grèves Arc de Triomphe encore pourquoi sentiments baguette pédiluve une projet sentiments saperlipopette vachement le. Brume éphémère baguette Bordeaux en fait sommet avoir minitel.Nous avoir parole la nous moussant. Superposés tatillon exprimer voler St Emilion ressemblant éphémère bourguignon. Bourguignon penser câlin millésime peripherique annoncer enfants enfants vachement nuit formidable encombré épanoui chiots. Arc truc cacatoès lorem flâner. flâner."
        }
    ]
}