{
    "data": [
        {
            "text": "Deutsches Ipsum Dolor deserunt dissentias Hamburg et. Tollit argumentum ius an. Handtasche lobortis elaboraret per ne, nam Stuttgart probatus pertinax, impetus eripuit aliquando Hörspiele sea. Diam scripserit no vis, Reinheitsgebot meis suscipit ea. Eam ea Schnaps eleifend, ad blandit voluptatibus sed, zu spät eius consul sanctus vix. Cu Kirschkerne legimus veritus vimDeutsches Ipsum Dolor deserunt dissentias Hamburg et. Tollit argumentum ius an. Handtasche lobortis elaboraret per ne, nam Stuttgart probatus pertinax, impetus eripuit aliquando Hörspiele sea. Diam scripserit no vis, Reinheitsgebot meis suscipit ea. Eam ea Schnaps eleifend, ad blandit voluptatibus sed, zu spät eius consul sanctus vix. Cu Kirschkerne legimus veritus vim"
        },
        {
            "text": "Deutsches Ipsum Dolor deserunt dissentias Hamburg et. Tollit argumentum ius an. Handtasche lobortis elaboraret per ne, nam Stuttgart probatus pertinax, impetus eripuit aliquando Hörspiele sea. Diam scripserit no vis, Reinheitsgebot meis suscipit ea. Eam ea Schnaps eleifend, ad blandit voluptatibus sed, zu spät eius consul"
        },
        {
            "text": "Deutsches Ipsum Dolor deserunt dissentias Hamburg et. Tollit argumentum ius an. Handtasche lobortis elaboraret per ne, nam Stuttgart probatus pertinax, impetus eripuit aliquando Hörspiele sea. Diam scripserit no vis, Reinheitsgebot meis suscipit ea. Eam ea Schnaps eleifend, ad blandit voluptatibus sed,Deutsches Ipsum Dolor deserunt dissentias Hamburg et. Tollit argumentum ius an. Handtasche lobortis elaboraret per ne, nam Stuttgart probatus pertinax, impetus eripuit aliquando Hörspiele sea. Diam scripserit no vis, Reinheitsgebot meis suscipit ea. Eam ea Schnaps eleifend, ad blandit voluptatibus sed, zu spät eius consul  zu spät eius consul Deutsches Ipsum Dolor deserunt dissentias Hamburg et.Deutsches Ipsum Dolor deserunt dissentias Hamburg et. Tollit argumentum ius an. Handtasche lobortis elaboraret per ne, nam Stuttgart probatus pertinax, impetus eripuit aliquando Hörspiele sea. Diam scripserit no vis, Reinheitsgebot meis suscipit ea. Eam ea Schnaps eleifend, ad blandit voluptatibus sed, zu spät eius consul  Tollit argumentum ius an. Handtasche lobortis elaboraret per ne, nam Stuttgart probatus pertinax, impetus eripuit aliquando Hörspiele sea. Diam scripserit no vis, Reinheitsgebot meis suscipit ea. Eam ea Schnaps eleifend, ad blandit voluptatibus sed, zu spät eius consul "
        },
        {
            "text": "Deutsches Ipsum Dolor deserunt dissentias Hamburg et. Tollit argumentum ius an. Handtasche lobortis elaboraret per ne, nam Stuttgart probatus pertinax, impetus eripuit aliquando Hörspiele sea. Diam scripserit no vis, Reinheitsgebot meis suscipit ea. Eam ea Schnaps eleifend, ad blandit voluptatibus sed, zu spät eius consul sanctus vix. Cu Kirschkerne legimus veritus vimDeutsches Ipsum Dolor deserunt dissentias Hamburg et. Tollit argumentum ius an. Handtasche lobortis elaboraret per ne, nam Stuttgart probatus pertinax, impetus eripuit aliquando Hörspiele sea. Diam scripserit no vis, Reinheitsgebot meis suscipit ea. Eam ea Schnaps eleifend, ad blandit voluptatibus sed, zu spät eius consul sanctus vix. Cu Kirschkerne legimus veritus vim"
        },
        {
            "text": "Deutsches Ipsum Dolor deserunt dissentias Hamburg et. Tollit argumentum ius an. Handtasche lobortis elaboraret per ne, nam Stuttgart probatus pertinax, impetus eripuit aliquando Hörspiele sea. Diam scripserit no vis, Reinheitsgebot meis suscipit ea. Eam ea Schnaps eleifend, ad blandit voluptatibus sed, zu spät eius consul"
        },
        {
            "text": "Deutsches Ipsum Dolor deserunt dissentias Hamburg et. Tollit argumentum ius an. Handtasche lobortis elaboraret per ne, nam Stuttgart probatus pertinax, impetus eripuit aliquando Hörspiele sea. Diam scripserit no vis, Reinheitsgebot meis suscipit ea. Eam ea Schnaps eleifend, ad blandit voluptatibus sed,Deutsches Ipsum Dolor deserunt dissentias Hamburg et. Tollit argumentum ius an. Handtasche lobortis elaboraret per ne, nam Stuttgart probatus pertinax, impetus eripuit aliquando Hörspiele sea. Diam scripserit no vis, Reinheitsgebot meis suscipit ea. Eam ea Schnaps eleifend, ad blandit voluptatibus sed, zu spät eius consul  zu spät eius consul Deutsches Ipsum Dolor deserunt dissentias Hamburg et.Deutsches Ipsum Dolor deserunt dissentias Hamburg et. Tollit argumentum ius an. Handtasche lobortis elaboraret per ne, nam Stuttgart probatus pertinax, impetus eripuit aliquando Hörspiele sea. Diam scripserit no vis, Reinheitsgebot meis suscipit ea. Eam ea Schnaps eleifend, ad blandit voluptatibus sed, zu spät eius consul  Tollit argumentum ius an. Handtasche lobortis elaboraret per ne, nam Stuttgart probatus pertinax, impetus eripuit aliquando Hörspiele sea. Diam scripserit no vis, Reinheitsgebot meis suscipit ea. Eam ea Schnaps eleifend, ad blandit voluptatibus sed, zu spät eius consul "
        },
        {
            "text": "Deutsches Ipsum Dolor deserunt dissentias Hamburg et. Tollit argumentum ius an. Handtasche lobortis elaboraret per ne, nam Stuttgart probatus pertinax, impetus eripuit aliquando Hörspiele sea. Diam scripserit no vis, Reinheitsgebot meis suscipit ea. Eam ea Schnaps eleifend, ad blandit voluptatibus sed, zu spät eius consul sanctus vix. Cu Kirschkerne legimus veritus vimDeutsches Ipsum Dolor deserunt dissentias Hamburg et. Tollit argumentum ius an. Handtasche lobortis elaboraret per ne, nam Stuttgart probatus pertinax, impetus eripuit aliquando Hörspiele sea. Diam scripserit no vis, Reinheitsgebot meis suscipit ea. Eam ea Schnaps eleifend, ad blandit voluptatibus sed, zu spät eius consul sanctus vix. Cu Kirschkerne legimus veritus vim"
        },
        {
            "text": "Deutsches Ipsum Dolor deserunt dissentias Hamburg et. Tollit argumentum ius an. Handtasche lobortis elaboraret per ne, nam Stuttgart probatus pertinax, impetus eripuit aliquando Hörspiele sea. Diam scripserit no vis, Reinheitsgebot meis suscipit ea. Eam ea Schnaps eleifend, ad blandit voluptatibus sed, zu spät eius consul"
        },
        {
            "text": "Deutsches Ipsum Dolor deserunt dissentias Hamburg et. Tollit argumentum ius an. Handtasche lobortis elaboraret per ne, nam Stuttgart probatus pertinax, impetus eripuit aliquando Hörspiele sea. Diam scripserit no vis, Reinheitsgebot meis suscipit ea. Eam ea Schnaps eleifend, ad blandit voluptatibus sed,Deutsches Ipsum Dolor deserunt dissentias Hamburg et. Tollit argumentum ius an. Handtasche lobortis elaboraret per ne, nam Stuttgart probatus pertinax, impetus eripuit aliquando Hörspiele sea. Diam scripserit no vis, Reinheitsgebot meis suscipit ea. Eam ea Schnaps eleifend, ad blandit voluptatibus sed, zu spät eius consul  zu spät eius consul Deutsches Ipsum Dolor deserunt dissentias Hamburg et.Deutsches Ipsum Dolor deserunt dissentias Hamburg et. Tollit argumentum ius an. Handtasche lobortis elaboraret per ne, nam Stuttgart probatus pertinax, impetus eripuit aliquando Hörspiele sea. Diam scripserit no vis, Reinheitsgebot meis suscipit ea. Eam ea Schnaps eleifend, ad blandit voluptatibus sed, zu spät eius consul  Tollit argumentum ius an. Handtasche lobortis elaboraret per ne, nam Stuttgart probatus pertinax, impetus eripuit aliquando Hörspiele sea. Diam scripserit no vis, Reinheitsgebot meis suscipit ea. Eam ea Schnaps eleifend, ad blandit voluptatibus sed, zu spät eius consul "
        },
        {
            "text": "Deutsches Ipsum Dolor deserunt dissentias Hamburg et. Tollit argumentum ius an. Handtasche lobortis elaboraret per ne, nam Stuttgart probatus pertinax, impetus eripuit aliquando Hörspiele sea. Diam scripserit no vis, Reinheitsgebot meis suscipit ea. Eam ea Schnaps eleifend, ad blandit voluptatibus sed, zu spät eius consul sanctus vix. Cu Kirschkerne legimus veritus vimDeutsches Ipsum Dolor deserunt dissentias Hamburg et. Tollit argumentum ius an. Handtasche lobortis elaboraret per ne, nam Stuttgart probatus pertinax, impetus eripuit aliquando Hörspiele sea. Diam scripserit no vis, Reinheitsgebot meis suscipit ea. Eam ea Schnaps eleifend, ad blandit voluptatibus sed, zu spät eius consul sanctus vix. Cu Kirschkerne legimus veritus vim"
        },
        {
            "text": "Deutsches Ipsum Dolor deserunt dissentias Hamburg et. Tollit argumentum ius an. Handtasche lobortis elaboraret per ne, nam Stuttgart probatus pertinax, impetus eripuit aliquando Hörspiele sea. Diam scripserit no vis, Reinheitsgebot meis suscipit ea. Eam ea Schnaps eleifend, ad blandit voluptatibus sed, zu spät eius consul"
        },
        {
            "text": "Deutsches Ipsum Dolor deserunt dissentias Hamburg et. Tollit argumentum ius an. Handtasche lobortis elaboraret per ne, nam Stuttgart probatus pertinax, impetus eripuit aliquando Hörspiele sea. Diam scripserit no vis, Reinheitsgebot meis suscipit ea. Eam ea Schnaps eleifend, ad blandit voluptatibus sed,Deutsches Ipsum Dolor deserunt dissentias Hamburg et. Tollit argumentum ius an. Handtasche lobortis elaboraret per ne, nam Stuttgart probatus pertinax, impetus eripuit aliquando Hörspiele sea. Diam scripserit no vis, Reinheitsgebot meis suscipit ea. Eam ea Schnaps eleifend, ad blandit voluptatibus sed, zu spät eius consul  zu spät eius consul Deutsches Ipsum Dolor deserunt dissentias Hamburg et.Deutsches Ipsum Dolor deserunt dissentias Hamburg et. Tollit argumentum ius an. Handtasche lobortis elaboraret per ne, nam Stuttgart probatus pertinax, impetus eripuit aliquando Hörspiele sea. Diam scripserit no vis, Reinheitsgebot meis suscipit ea. Eam ea Schnaps eleifend, ad blandit voluptatibus sed, zu spät eius consul  Tollit argumentum ius an. Handtasche lobortis elaboraret per ne, nam Stuttgart probatus pertinax, impetus eripuit aliquando Hörspiele sea. Diam scripserit no vis, Reinheitsgebot meis suscipit ea. Eam ea Schnaps eleifend, ad blandit voluptatibus sed, zu spät eius consul "
        },
        {
            "text": "Deutsches Ipsum Dolor deserunt dissentias Hamburg et. Tollit argumentum ius an. Handtasche lobortis elaboraret per ne, nam Stuttgart probatus pertinax, impetus eripuit aliquando Hörspiele sea. Diam scripserit no vis, Reinheitsgebot meis suscipit ea. Eam ea Schnaps eleifend, ad blandit voluptatibus sed, zu spät eius consul sanctus vix. Cu Kirschkerne legimus veritus vimDeutsches Ipsum Dolor deserunt dissentias Hamburg et. Tollit argumentum ius an. Handtasche lobortis elaboraret per ne, nam Stuttgart probatus pertinax, impetus eripuit aliquando Hörspiele sea. Diam scripserit no vis, Reinheitsgebot meis suscipit ea. Eam ea Schnaps eleifend, ad blandit voluptatibus sed, zu spät eius consul sanctus vix. Cu Kirschkerne legimus veritus vim"
        },
        {
            "text": "Deutsches Ipsum Dolor deserunt dissentias Hamburg et. Tollit argumentum ius an. Handtasche lobortis elaboraret per ne, nam Stuttgart probatus pertinax, impetus eripuit aliquando Hörspiele sea. Diam scripserit no vis, Reinheitsgebot meis suscipit ea. Eam ea Schnaps eleifend, ad blandit voluptatibus sed, zu spät eius consul"
        },
        {
            "text": "Deutsches Ipsum Dolor deserunt dissentias Hamburg et. Tollit argumentum ius an. Handtasche lobortis elaboraret per ne, nam Stuttgart probatus pertinax, impetus eripuit aliquando Hörspiele sea. Diam scripserit no vis, Reinheitsgebot meis suscipit ea. Eam ea Schnaps eleifend, ad blandit voluptatibus sed,Deutsches Ipsum Dolor deserunt dissentias Hamburg et. Tollit argumentum ius an. Handtasche lobortis elaboraret per ne, nam Stuttgart probatus pertinax, impetus eripuit aliquando Hörspiele sea. Diam scripserit no vis, Reinheitsgebot meis suscipit ea. Eam ea Schnaps eleifend, ad blandit voluptatibus sed, zu spät eius consul  zu spät eius consul Deutsches Ipsum Dolor deserunt dissentias Hamburg et.Deutsches Ipsum Dolor deserunt dissentias Hamburg et. Tollit argumentum ius an. Handtasche lobortis elaboraret per ne, nam Stuttgart probatus pertinax, impetus eripuit aliquando Hörspiele sea. Diam scripserit no vis, Reinheitsgebot meis suscipit ea. Eam ea Schnaps eleifend, ad blandit voluptatibus sed, zu spät eius consul  Tollit argumentum ius an. Handtasche lobortis elaboraret per ne, nam Stuttgart probatus pertinax, impetus eripuit aliquando Hörspiele sea. Diam scripserit no vis, Reinheitsgebot meis suscipit ea. Eam ea Schnaps eleifend, ad blandit voluptatibus sed, zu spät eius consul "
        }
    ]
}