{
    "data": [
        {
            "text": "1You can get recipes from the chef’s themselves. You can get recipes from any country in the entire world directly. You can even find the secret recipes from the famous dishes at restaurants that you crave. Sounds like its worth it to make the switch doesn’t it? Even if it would cost you a little money!",
            "title":"1Profiles Of The Powerful Advertising Exec Steve Grasse"
        },
        {
            "text": "2Second the search is so much better than paging through each paper recipe, all you do is simply type a small description of what you are thinking and the computer spits out several cooking recipes that match your request. Other things are the incredible access that you gain when you have the internet at your disposal.<br><br>You can get recipes from the chef’s themselves. You can get recipes from any country in the entire world directly. You can even find the secret recipes from the famous dishes at restaurants that you crave. Sounds like its worth it to make the switch doesn’t it? Even if it would cost you a little money!",
            "title": "2Looking For Your Dvd Printing Solution"
        },
        {
            "text": "3the search is  the search is so much better than paging through each<br><br> paper recipe, all you do is simply type a small description of what you are thinking and the computer spits out several cooking recipes that match your request. Ocription of what you are thinking and the computer spits out several cooking recipes that match your request. Oall you do is simply type a small description of what you are thinking and the computer spits out several cooking recipes that match your request. Other things are the incredible access that you gain when you have the internet at your disposal.You can get recipes from the chef’s themselves.  You can get recipes from any country in the entire world directly. You can even find the secret recipes from the famous dishes at restaurants that you crave. Sounds like its worth it to make the switch doesn’t it? Even if it would cost you a little money!  Second the search is so much better than paging through each paper recipe, all you do is simply type a small description of what you are thinking and the computer spits out several cooking recipes that match your request. ",
            "title":"3Profiles Of The Powerful Advertising Exec Steve Grasse"
        },
        {
            "text": "4Second the search is so much better than paging through each paper recipe, all you do is simply type a small description of what you are thinking and the computer spits out several cooking recipes that match your request. Other things are the incredible access that you gain when you have the internet at your disposal.  <br><br>YYou can get recipes from the chef’s themselves. You can get recipes from any country in the entire world directly. You can even find the secret recipes from the famous dishes at restaurants that you crave. Sounds like its worth it to make the switch doesn’t it? Even if it would cost you a little money!",
            "title": ""
        },
        {
            "text": "5ther things are the incredible access that you gain when you have the internet at your disposal. <br><br>You can get recipes from the chef’s themselves.  You can get recipes from any country in the entire world directly. You can even find the secret recipes from the famous dishes at restaurants that you crave. Sounds like its worth it to make the switch doesn’t it? Even if it would cost you a little money!  Second the search is so much better than paging through each paper recipe, all you do is simply type a small description of what you are thinking and the computer spits out several cooking recipes that match your request. ",
            "title":"5Profiles Of The Powerful Advertising Exec Steve Grasse"
        },
        {
            "text": "6Second the search is so much better than paging through each paper recipe, all you do is simply type a small description of what you are thinking and the computer spits out several cooking recipes that match your request. Other things are the incredible access that you gain when you have the internet at your disposal. <br><br>You can get recipes from the chef’s themselves. You can get recipes from any country in the entire world directly. You can even find the secret recipes from the famous dishes at restaurants that you crave. Sounds like its worth it to make the switch doesn’t it? Even if it would cost you a little money!",
            "title": ""
        },
        {
            "text": "7Second the search is so much better than paging through each paper recipe, all you do is simply type a small description of what you are thinking and the computer spits out several cooking recipes that match your request. Other things are the incredible access that you gain when you have the internet at your disposal. <br><br>You can get recipes from the chef’s themselves.  You can get recipes from any country in the entire world directly. You can even find the secret recipes from the famous dishes at restaurants that you crave. Sounds like its worth it to make the switch doesn’t it? Even if it would cost you a little money!  Second the search is so much better than paging through each paper recipe, all you do is simply type a small description of what you are thinking and the computer spits out several cooking recipes that match your request. ",
            "title":"7Profiles Of The Powerful Advertising Exec Steve Grasse"
        },
        {
            "text": "8Second the search is so much better than paging through each paper recipe, all you do is simply type a small description of what you are thinking and the computer spits out several cooking recipes that match your request. Other things are the incredible access that you gain when you have the internet at your disposal. <br><br>You can get recipes from the chef’s themselves. You can get recipes from any country in the entire world directly. You can even find the secret recipes from the famous dishes at restaurants that you crave. Sounds like its worth it to make the switch doesn’t it? Even if it would cost you a little money!",
            "title": ""
        },
        {
            "text": "9Second the search is so much better than paging through each paper recipe, all you do is simply type a small description of what you are thinking and the computer spits out several cooking recipes that match your request. Other things are the incredible access that you gain when you have the internet at your disposal. <br><br>You can get recipes from the chef’s themselves.  You can get recipes from any country in the entire world directly. You can even find the secret recipes from the famous dishes at restaurants that you crave. Sounds like its worth it to make the switch doesn’t it? Even if it would cost you a little money!  Second the search is so much better than paging through each paper recipe, all you do is simply type a small description of what you are thinking and the computer spits out several cooking recipes that match your request. ",
            "title": "9Looking For Your Dvd Printing Solution"
        },
        {
            "text": "Second the search is so much better than paging through each paper recipe, all you do is simply type a small description of what you are thinking and the computer spits out several cooking recipes that match your request. Other things are the incredible access that you gain when you have the internet at your disposal. <br><br>You can get recipes from the chef’s themselves. You can get recipes from any country in the entire world directly. You can even find the secret recipes from the famous dishes at restaurants that you crave. Sounds like its worth it to make the switch doesn’t it? Even if it would cost you a little money!",
            "title": "Looking For Your Dvd Printing Solution"
        },
        {
            "text": "paging through each paper recipe, all you do is simply type a small description of what you are thinking and the computer spits out several cooking recipes that match your request. Other things are the incredible access that you gain when you have the internet at your disposal. <br><br>You can get recipes from the chef’s themselves.  You can get recipes from any country in the entire world directly. You can even find the secret recipes from the famous dishes at restaurants that you crave. Sounds like its worth it to make the switch doesn’t it? Even if it would cost you a little money!  Second the search is so much better than paging through each paper recipe, all you do is simply type a small description of what you are thinking and the computer spits out several cooking recipes that match your request. ",
            "title": ""
        },
        {
            "text": "iption of what you are thinking and the computer spits out several cooking recipes that match your request. Other things are the incredible access that you gain when you have the internet at your disposal. <br><br>You can get recipes from the chef’s themselves. You can get recipes from any country in the entire world directly. You can even find the secret recipes from the famous dishes at restaurants that you crave. Sounds like its worth it to make the switch doesn’t it? Even if it would cost you a little money!",
            "title": "Looking For Your Dvd Printing Solution"
        },
        {
            "text": "what you are thinking and the computer spits out several cooking recipes that match your request. Other things are the incredible access that you gain when you have the internet at your disposal. <br><br>You can get recipes from the chef’s themselves. You can get recipes from any country in the entire world directly. You can even find the secret recipes from the famous dishes at restaurants that you crave. Sounds like its worth it to make the switch doesn’t it? Even if it would cost you a little money!",
            "title": ""
        }
    ]
}