{
    "data": [
        {
            "text": "լոռեմ իպսում դոլոռ սիթ ամեթ, ծիբո ծեթեռո պեռսիուս նե եամ, պեռ իդ թոթա թեմպոռ, նե հիս ծոմմունե իմպեռդիեթ մեդիոծռիթաթեմ. նո սալե թոլլիթ քուի, եամ ինվենիռե մեդիոծռեմ ինթելլեգամ եու. ուլլում դեմոծռիթում նո մեի, մեի ին ալթեռում նոնումես ելիգենդի, սեդ աթ քուոթ դիսպութանդո. սծռիպթա պեռթինախ պեռսեքուեռիս թե քուո, նամ դոլոռում ապպառեաթ ծոնսեքուունթուռ եա."
        },
        {
            "text": "լոռեմ իպսում դոլոռ սիթ ամեթ, ծիբո ծեթեռո պեռսիուս նե եամ, պեռ իդ թոթա թեմպոռ, նե հիս ծոմմունե իմպեռդիեթ մեդիոծռիթաթեմ. նո սալե թոլլիթ քուի, եամ ինվենիռե մեդիոծռեմ ինթելլեգամ եու. ուլլում դեմոծռիթում նո մեի, մեի ին ալթեռում նոնումես ելիգենդի, սեդ աթ քուոթ դիսպութանդո. սծռիպթա պեռթինախ պեռսեքուեռիս թե քուո, նամ դոլոռում ապպառեաթ ծոնսեքուունթուռ եա.լոռեմ իպսում դոլոռ սիթ ամեթ, ծիբո ծեթեռո պեռսիուս նե եամ, պեռ իդ թոթա թեմպոռ, նե հիս ծոմմունե իմպեռդիեթ մեդիոծռիթաթեմ. նո սալե թոլլիթ քուի, եամ ինվենիռե մեդիոծռեմ ինթելլեգամ եու. ուլլում դեմոծռիթում նո մեի, մեի ին ալթեռում նոնումես ելիգենդի, սեդ աթ քուոթ դիսպութանդո. սծռիպթա պեռթինախ պեռսեքուեռիս թե քուո, նամ դոլոռում ապպառեաթ ծոնսեքուունթուռ եա.լոռեմ իպսում դոլոռ սիթ ամեթ, ծիբո ծեթեռո պեռսիուս նե եամ, պեռ իդ թոթա թեմպոռ, նե հիս ծոմմունե իմպեռդիեթ մեդիոծռիթաթեմ. նո սալե թոլլիթ քուի, եամ ինվենիռե մեդիոծռեմ ինթելլեգամ եու. ուլլում դեմոծռիթում նո մեի, մեի ին ալթեռում նոնումես ելիգենդի, սեդ աթ քուոթ դիսպութանդո. սծռիպթա պեռթինախ պեռսեքուեռիս թե քուո, նամ դոլոռում ապպառեաթ ծոնսեքուունթուռ եա."
        },
        {
            "text": "լոռեմ իպսում դոլոռ սիթ ամեթ, ծիբո ծեթեռո պեռսիուս նե եամ, պեռ իդ թոթա թեմպոռ, նե հիս ծոմմունե իմպեռդիեթ մեդիոծռիթաթեմ. նո սալե թոլլիթ քուի, եամ ինվենիռե մեդիոծռեմ ինթելլեգամ եու. ուլլում դեմոծռիթում նո մեի, մեի ին ալթեռում նոնումես ելիգենդի, սեդ աթ քուոթ դիսպութանդո. սծռիպթա պեռթինախ պեռսեքուեռիս թե քուո, նամ դոլոռում ապպառեաթ ծոնսեքուունթուռ եա.լոռեմ իպսում դոլոռ սիթ ամեթ, ծիբո ծեթեռո պեռսիո ալթեռում նոնումես ելիգենդի, սեդ աթ քուոթ դիսպութանդո. սծռիպթա պեռթինախ պեռսեքուեռիս թե քուո, նամ դոլոռում ապպառեաթ ծոնսեքուունթուռ եա լոռեմ իպսում դոլոռ սիթ ամեթ, ծիբո ծեթեռո պեռսիուս նե եամ, պեռ իդ թոթա թեմպոռ, նե հիս ծոմմունե իմ նե հիս ծոմմունե իմպեռդիեթ մեդիոծռիթաթեմ. նո սալե թոլլիթ քուի, եամ ինվենիռե մեդիոծռեմ ինթելլեգամ եու. ուլլում դեմոծռիթում նո մեի, մեի ին ալթեռում նոնումես ելիգենդի, սեդ աթ քուոթ դիսպութանդո. սծռիպթա պեռթինախ պեռսեքուեռիս թե քուո, նամ դոլոռում ապպառեաթ ծոնսեքուունթուռ եա.լոռեմ իպսում դոլոռ սիթ ամեթ, ծիբո ծեթեռո պեռսիուս նե եամ, պեռ իդ թոթա թեմպոռ, նե հիս ծոմմունե իմպեռդիեթ մեդիոծռիթաթեմ. նո սալե թոլլիթ քուի, եամ ինվենիռե մեդիոծռեմ ինթելլեգամ եու. ուլլում դեմոծռիթում նո մեի, մեի ին ալթեռում նոնումես ելիգենդի, սեդ աթ քուոթ դիսպութանդո. սծռիպթա պեռթինախ պեռսեքուեռիս թե քուո, նամ դոլոռում ապպառեաթ ծոնսեքուունթուռ եա."
        },
        {
            "text": "լոռեմ իպսում դոլոռ սիթ ամեթ, ծիբո ծեթեռո պեռսիուս նե եամ, պեռ իդ թոթա թեմպոռ, նե հիս ծոմմունե իմպեռդիեթ մեդիոծռիթաթեմ. նո սալե թոլլիթ քուի, եամ ինվենիռե մեդիոծռեմ ինթելլեգամ եու. ուլլում դեմոծռիթում նո մեի, մեի ին ալթեռում նոնումես ելիգենդի, սեդ աթ քուոթ դիսպութանդո. սծռիպթա պեռթինախ պեռսեքուեռիս թե քուո, նամ դոլոռում ապպառեաթ ծոնսեքուունթուռ եա."
        },
        {
            "text": "լոռեմ իպսում դոլոռ սիթ ամեթ, ծիբո ծեթեռո պեռսիուս նե եամ, պեռ իդ թոթա թեմպոռ, նե հիս ծոմմունե իմպեռդիեթ մեդիոծռիթաթեմ. նո սալե թոլլիթ քուի, եամ ինվենիռե մեդիոծռեմ ինթելլեգամ եու. ուլլում դեմոծռիթում նո մեի, մեի ին ալթեռում նոնումես ելիգենդի, սեդ աթ քուոթ դիսպութանդո. սծռիպթա պեռթինախ պեռսեքուեռիս թե քուո, նամ դոլոռում ապպառեաթ ծոնսեքուունթուռ եա.լոռեմ իպսում դոլոռ սիթ ամեթ, ծիբո ծեթեռո պեռսիուս նե եամ, պեռ իդ թոթա թեմպոռ, նե հիս ծոմմունե իմպեռդիեթ մեդիոծռիթաթեմ. նո սալե թոլլիթ քուի, եամ ինվենիռե մեդիոծռեմ ինթելլեգամ եու. ուլլում դեմոծռիթում նո մեի, մեի ին ալթեռում նոնումես ելիգենդի, սեդ աթ քուոթ դիսպութանդո. սծռիպթա պեռթինախ պեռսեքուեռիս թե քուո, նամ դոլոռում ապպառեաթ ծոնսեքուունթուռ եա.լոռեմ իպսում դոլոռ սիթ ամեթ, ծիբո ծեթեռո պեռսիուս նե եամ, պեռ իդ թոթա թեմպոռ, նե հիս ծոմմունե իմպեռդիեթ մեդիոծռիթաթեմ. նո սալե թոլլիթ քուի, եամ ինվենիռե մեդիոծռեմ ինթելլեգամ եու. ուլլում դեմոծռիթում նո մեի, մեի ին ալթեռում նոնումես ելիգենդի, սեդ աթ քուոթ դիսպութանդո. սծռիպթա պեռթինախ պեռսեքուեռիս թե քուո, նամ դոլոռում ապպառեաթ ծոնսեքուունթուռ եա."
        },
        {
            "text": "լոռեմ իպսում դոլոռ սիթ ամեթ, ծիբո ծեթեռո պեռսիուս նե եամ, պեռ իդ թոթա թեմպոռ, նե հիս ծոմմունե իմպեռդիեթ մեդիոծռիթաթեմ. նո սալե թոլլիթ քուի, եամ ինվենիռե մեդիոծռեմ ինթելլեգամ եու. ուլլում դեմոծռիթում նո մեի, մեի ին ալթեռում նոնումես ելիգենդի, սեդ աթ քուոթ դիսպութանդո. սծռիպթա պեռթինախ պեռսեքուեռիս թե քուո, նամ դոլոռում ապպառեաթ ծոնսեքուունթուռ եա.լոռեմ իպսում դոլոռ սիթ ամեթ, ծիբո ծեթեռո պեռսիուս նե եամ, պեռ իդ թոթա թեմպոռ, նե հիս ծոմմունե իմպեռդիեթ մեդիոծռիթաթեմ. նո սալե թոլլիթ քուի, եամ ինվենիռե մեդիոծռեմ ինթելլեգամ եու. ուլլում դեմոծռիթում նո մեի, մեի ին ալթեռում նոնումես ելիգենդի, սեդ աթ քուոթ դիսպութանդո. սծռիպթա պեռթինախ պեռսեքուեռիս թե քուո, նամ դոլոռում ապպառեաթ ծոնսեքուունթուռ եա.լոռեմ իպսում դոլոռ սիթ ամեթ, ծիբո ծեթեռո պեռսիուս նե եամ, պեռ իդ թոթա թեմպոռ, նե հիս ծոմմունե իմպեռդիեթ մեդիոծռիթաթեմ. նո սալե թոլլիթ քուի, եամ ինվենիռե մեդիոծռեմ ինթելլեգամ եու. ուլլում դեմոծռիթում նո մեի, մեի ին ալթեռում նոնումես ելիգենդի, սեդ աթ քուոթ դիսպութանդո. սծռիպթա պեռթինախ պեռսեքուեռիս թե քուո, նամ դոլոռում ապպառեաթ ծոնսեքուունթուռ եա."
        },
        {
            "text": "լոռեմ իպսում դոլոռ սիթ ամեթ, ծիբո ծեթեռո պեռսիուս նե եամ, պեռ իդ թոթա թեմպոռ, նե հիս ծոմմունե իմպեռդիեթ մեդիոծռիթաթեմ. նո սալե թոլլիթ քուի, եամ ինվենիռե մեդիոծռեմ ինթելլեգամ եու. ուլլում դեմոծռիթում նո մեի, մեի ին ալթեռում նոնումես ելիգենդի, սեդ աթ քուոթ դիսպութանդո. սծռիպթա պեռթինախ պեռսեքուեռիս թե քուո, նամ դոլոռում ապպառեաթ ծոնսեքուունթուռ եա."
        },
        {
            "text": "լոռեմ իպսում դոլոռ սիթ ամեթ, ծիբո ծեթեռո պեռսիուս նե եամ, պեռ իդ թոթա թեմպոռ, նե հիս ծոմմունե իմպեռդիեթ մեդիոծռիթաթեմ. նո սալե թոլլիթ քուի, եամ ինվենիռե մեդիոծռեմ ինթելլեգամ եու. ուլլում դեմոծռիթում նո մեի, մեի ին ալթեռում նոնումես ելիգենդի, սեդ աթ քուոթ դիսպութանդո. սծռիպթա պեռթինախ պեռսեքուեռիս թե քուո, նամ դոլոռում ապպառեաթ ծոնսեքուունթուռ եա.լոռեմ իպսում դոլոռ սիթ ամեթ, ծիբո ծեթեռո պեռսիուս նե եամ, պեռ իդ թոթա թեմպոռ, նե հիս ծոմմունե իմպեռդիեթ մեդիոծռիթաթեմ. նո սալե թոլլիթ քուի, եամ ինվենիռե մեդիոծռեմ ինթելլեգամ եու. ուլլում դեմոծռիթում նո մեի, մեի ին ալթեռում նոնումես ելիգենդի, սեդ աթ քուոթ դիսպութանդո. սծռիպթա պեռթինախ պեռսեքուեռիս թե քուո, նամ դոլոռում ապպառեաթ ծոնսեքուունթուռ եա.լոռեմ իպսում դոլոռ սիթ ամեթ, ծիբո ծեթեռո պեռսիուս նե եամ, պեռ իդ թոթա թեմպոռ, նե հիս ծոմմունե իմպեռդիեթ մեդիոծռիթաթեմ. նո սալե թոլլիթ քուի, եամ ինվենիռե մեդիոծռեմ ինթելլեգամ եու. ուլլում դեմոծռիթում նո մեի, մեի ին ալթեռում նոնումես ելիգենդի, սեդ աթ քուոթ դիսպութանդո. սծռիպթա պեռթինախ պեռսեքուեռիս թե քուո, նամ դոլոռում ապպառեաթ ծոնսեքուունթուռ եա."
        },
        {
            "text": "լոռեմ իպսում դոլոռ սիթ ամեթ, ծիբո ծեթեռո պեռսիուս նե եամ, պեռ իդ թոթա թեմպոռ, նե հիս ծոմմունե իմպեռդիեթ մեդիոծռիթաթեմ. նո սալե թոլլիթ քուի, եամ ինվենիռե մեդիոծռեմ ինթելլեգամ եու. ուլլում դեմոծռիթում նո մեի, մեի ին ալթեռում նոնումես ելիգենդի, սեդ աթ քուոթ դիսպութանդո. սծռիպթա պեռթինախ պեռսեքուեռիս թե քուո, նամ դոլոռում ապպառեաթ ծոնսեքուունթուռ եա."
        },
        {
            "text": "լոռեմ իպսում դոլոռ սիթ ամեթ, ծիբո ծեթեռո պեռսիուս նե եամ, պեռ իդ թոթա թեմպոռ, նե հիս ծոմմունե իմպեռդիեթ մեդիոծռիթաթեմ. նո սալե թոլլիթ քուի, եամ ինվենիռե մեդիոծռեմ ինթելլեգամ եու. ուլլում դեմոծռիթում նո մեի, մեի ին ալթեռում նոնումես ելիգենդի, սեդ աթ քուոթ դիսպութանդո. սծռիպթա պեռթինախ պեռսեքուեռիս թե քուո, նամ դոլոռում ապպառեաթ ծոնսեքուունթուռ եա.լոռեմ իպսում դոլոռ սիթ ամեթ, ծիբո ծեթեռո պեռսիուս նե եամ, պեռ իդ թոթա թեմպոռ, նե հիս ծոմմունե իմպեռդիեթ մեդիոծռիթաթեմ. նո սալե թոլլիթ քուի, եամ ինվենիռե մեդիոծռեմ ինթելլեգամ եու. ուլլում դեմոծռիթում նո մեի, մեի ին ալթեռում նոնումես ելիգենդի, սեդ աթ քուոթ դիսպութանդո. սծռիպթա պեռթինախ պեռսեքուեռիս թե քուո, նամ դոլոռում ապպառեաթ ծոնսեքուունթուռ եա.լոռեմ իպսում դոլոռ սիթ ամեթ, ծիբո ծեթեռո պեռսիուս նե եամ, պեռ իդ թոթա թեմպոռ, նե հիս ծոմմունե իմպեռդիեթ մեդիոծռիթաթեմ. նո սալե թոլլիթ քուի, եամ ինվենիռե մեդիոծռեմ ինթելլեգամ եու. ուլլում դեմոծռիթում նո մեի, մեի ին ալթեռում նոնումես ելիգենդի, սեդ աթ քուոթ դիսպութանդո. սծռիպթա պեռթինախ պեռսեքուեռիս թե քուո, նամ դոլոռում ապպառեաթ ծոնսեքուունթուռ եա."
        },
        {
            "text": "լոռեմ իպսում դոլոռ սիթ ամեթ, ծիբո ծեթեռո պեռսիուս նե եամ, պեռ իդ թոթա թեմպոռ, նե հիս ծոմմունե իմպեռդիեթ մեդիոծռիթաթեմ. նո սալե թոլլիթ քուի, եամ ինվենիռե մեդիոծռեմ ինթելլեգամ եու. ուլլում դեմոծռիթում նո մեի, մեի ին ալթեռում նոնումես ելիգենդի, սեդ աթ քուոթ դիսպութանդո. սծռիպթա պեռթինախ պեռսեքուեռիս թե քուո, նամ դոլոռում ապպառեաթ ծոնսեքուունթուռ եա."
        },
        {
            "text": "լոռեմ իպսում դոլոռ սիթ ամեթ, ծիբո ծեթեռո պեռսիուս նե եամ, պեռ իդ թոթա թեմպոռ, նե հիս ծոմմունե իմպեռդիեթ մեդիոծռիթաթեմ. նո սալե թոլլիթ քուի, եամ ինվենիռե մեդիոծռեմ ինթելլեգամ եու. ուլլում դեմոծռիթում նո մեի, մեի ին ալթեռում նոնումես ելիգենդի, սեդ աթ քուոթ դիսպութանդո. սծռիպթա պեռթինախ պեռսեքուեռիս թե քուո, նամ դոլոռում ապպառեաթ ծոնսեքուունթուռ եա.լոռեմ իպսում դոլոռ սիթ ամեթ, ծիբո ծեթեռո պեռսիուս նե եամ, պեռ իդ թոթա թեմպոռ, նե հիս ծոմմունե իմպեռդիեթ մեդիոծռիթաթեմ. նո սալե թոլլիթ քուի, եամ ինվենիռե մեդիոծռեմ ինթելլեգամ եու. ուլլում դեմոծռիթում նո մեի, մեի ին ալթեռում նոնումես ելիգենդի, սեդ աթ քուոթ դիսպութանդո. սծռիպթա պեռթինախ պեռսեքուեռիս թե քուո, նամ դոլոռում ապպառեաթ ծոնսեքուունթուռ եա.լոռեմ իպսում դոլոռ սիթ ամեթ, ծիբո ծեթեռո պեռսիուս նե եամ, պեռ իդ թոթա թեմպոռ, նե հիս ծոմմունե իմպեռդիեթ մեդիոծռիթաթեմ. նո սալե թոլլիթ քուի, եամ ինվենիռե մեդիոծռեմ ինթելլեգամ եու. ուլլում դեմոծռիթում նո մեի, մեի ին ալթեռում նոնումես ելիգենդի, սեդ աթ քուոթ դիսպութանդո. սծռիպթա պեռթինախ պեռսեքուեռիս թե քուո, նամ դոլոռում ապպառեաթ ծոնսեքուունթուռ եա."
        }
    ]
}