{
    "elements": [
        {
            "first": "1.1",
            "second": "1.2",
            "three": "1.3"
        },
        {
            "first": "2.1",
            "second": "2.2",
            "three": "2.3"
        },
        {
            "first": "3.1",
            "second": "3.2",
            "three": "3.3"
        },
        {
            "first": "4.1",
            "second": "4.2",
            "three": "4.3"
        },
        {
            "first": "5.1",
            "second": "5.2",
            "three": "5.3"
        },
        {
            "first": "6.1",
            "second": "6.2",
            "three": "6.3" 
        }
    ]
}