{
    "elements": [
        {
            "text": "1.1You can get recipes from the chef’s themselves.",
            "value": "2wf wafabbaefhaefbaethe mselvesfa"
        },
        {
            "text": "1.1You can get recipes from the chef’s themselves.",
            "value": "wf2waf abbaefhaef baethemselvesfa"
        },
        {
            "text": "1.1You can get recipes from the chef’s themselves.",
            "value": "fv2waf abbaefhaefbae themselvesfa"
        },
        {
            "text": "1.1You can get recipes from the chef’s themselves.",
            "value": "ty2wafabbaefh aefbaethemselvesfa"
        },
        {
            "text": "1.1You can get recipes from the chef’s themselves.",
            "value": "b2ryywaf abbaefh aefbaet hemselvesfa"
        },
        {
            "text": "1.1You can get recipes from the chef’s themselves.",
            "value": "bry bs2wafabb aefhaefba ethemselve sfa"
        },
        {
            "text": "1.1You can get recipes from the chef’s themselves.",
            "value": "evesvs2 wafabbaefhae fbaethemselvesfa"
        },
        {
            "text": "1.1You can get recipes from the chef’s themselves.",
            "value": "vvs2sswafabbae fhaefbaethem selvesfa"
        },
        {
            "text": "1.1You can get recipes from the chef’s themselves.",
            "value": "vsrv sv2wa fabba efhae fbaet hemse lvesfa"
        }
    ]
}
