{
    "data": [
        {
            "text": "<strong>L’huile de palme</strong> est cultivée dans le monde entier et est utilisée dans beaucoup de produits, des aliments aux biocarburants en passant par les produits cosmétiques. Cependant, il a été démontré que <strong>la croissance de cette culture provoque la déforestation, la perte de biodiversité et les émissions de gaz à effet de serre.</strong> Cela dit, l’huile de palme pourrait encore être meilleure pour l’environnement que ses alternatives. Le soja, par exemple, utilise neuf fois plus de terres par tonne d’huile produite que le palmier à huile.",
            "title":""
        },
        {
            "text": "Nous avons déjà parlé de la production de légumes et de légumineuses, intéressons-nous maintenant au maïs en particulier. Plus d’un milliard de tonnes de maïs sont cultivées dans le monde chaque année, avec des utilisations allant de la consommation humaine à l’éthanol qui peut être utilisé pour alimenter ta voiture. Cependant, la production de cette culture pourrait diminuer considérablement à l’avenir en raison du réchauffement climatique. Les estimations montrent que la production de maïs pourrait diminuer de 15 à 30 % au cours des 50 prochaines années. <strong>Cela est principalement dû à la diminution de la sensibilité à la sécheresse de ces cultures au fil du temps et à l’augmentation de la gravité et de la fréquence des sécheresses, causées par le réchauffement climatique.</strong>",
            "title":""
        },
        {
            "text": "Comme tu peux le constater, les aliments comme le soja, le bœuf et l’huile de palme ont de nombreux effets négatifs sur l’environnement. Parmi ceux-ci, la déforestation et la perte de la biodiversité, ainsi que l’émission accrue de gaz à effet de serre. Ces éléments peuvent à leur tour affecter la production d’autres cultures. En d’autres termes, <strong>la production alimentaire crée des gaz à effet de serre et d’autres dommages environnementaux qui peuvent en retour affecter négativement la production alimentaire dans son ensemble.</strong> Afin de continuer à produire suffisamment de nourriture pour la population mondiale qui continue de croître, nous devons trouver des moyens plus durables et plus respectueux de l’environnement pour produire notre nourriture.",
            "title":""
        }
    ],
    "readmore": "Lire plus"
}