{
    "data": [
        {
            "text": "Il contient une demie baguette, une tomate entière, une demie salade et une tranche de jambon. Il y a des recettes plus originales, mais tu trouveras sûrement ce sandwich dans la plupart des boulangeries à Paris. Chaque ingrédient de base de ce sandwich a été fabriqué à la ferme, puis transporté, transformé et vendu à la boulangerie, avant d’être assemblé pour faire ce délicieux casse-croûte. Mais pour le faire, beaucoup de nourriture a été perdue ou gaspillée en cours de route, avant même d’arriver dans ton assiette.",
            "title":"Prenons l’exemple de ce sandwich"
        },
        {
            "text": "À l’échelle mondiale, 18% des tomates sont perdues ou gaspillées. Cela signifie que pour cinq tomates que tu achètes, une est jetée à la poubelle. Pour la salade, ce chiffre est de 57%. Ainsi, pour chaque salade que tu achètes, une autre est jetée. Le sort du jambon et du pain est un peu meilleur, avec 10% perdu ou gaspillé à l’échelle mondiale.<br><br> Cela signifie que lorsque tu achètes dix sandwichs, deux tomates, cinq salades, deux pièces de pain et une tranche de jambon sont perdues ou gaspillées en cours de route. C’est suffisant pour faire un autre sandwich, et il restera encore des légumes supplémentaires.",
            "title":""
        }
    ],
    "readmore": "Lire plus"
}