{
    "elements": [
        {
            "text": "1.1You can get recipes from the chef’s themselves.",
            "value": "2wafabbaefhaefbaethemselvesfa"
        },
        {
            "text": "1.1You can get recipes from the chef’s themselves.",
            "value": "2wafabbaefhaefbaethemselvesfa"
        },
        {
            "text": "1.1You can get recipes from the chef’s themselves.",
            "value": "2wafabbaefhaefbaethemselvesfa"
        },
        {
            "text": "1.1You can get recipes from the chef’s themselves.",
            "value": "2wafabbaefhaefbaethemselvesfa"
        },
        {
            "text": "1.1You can get recipes from the chef’s themselves.",
            "value": "2wafabbaefhaefbaethemselvesfa"
        },
        {
            "text": "1.1You can get recipes from the chef’s themselves.",
            "value": "2wafabbaefhaefbaethemselvesfa"
        },
        {
            "text": "1.1You can get recipes from the chef’s themselves.",
            "value": "2wafabbaefhaefbaethemselvesfa"
        },
        {
            "text": "1.1You can get recipes from the chef’s themselves.",
            "value": "2wafabbaefhaefbaethemselvesfa"
        },
        {
            "text": "1.1You can get recipes from the chef’s themselves.",
            "value": "2wafabbaefhaefbaethemselvesfa"
        }
    ]
}